,Location,PC_Wait_Complete_1608,PC_Wait_Complete_1409,Choice_Increase_%
23,"(V04) (562) Erie, PA",5.74,3.65,4.35413642961
60,"(V10) (538) Chillicothe, OH",5.09,4.78,1.78443968594
94,"(V16) (667) Shreveport, LA",5.27,4.66,4.22163588391
106,(V19) (436) Montana HCS,6.79,5.57,3.35195530726
114,"(V20) (648) Portland, OR",7.53,7.29,3.47407803314
131,(V22) (691) Greater Los Angeles HCS,5.75,4.64,2.14243205713
